Pipeline Name,Effective Date
BAKKEN PIPELINE COMPANY LP,01-07-2025
BATON ROUGE PIPELINE LLC,01-07-2025
BENGAL PIPELINE COMPANY LLC,01-07-2025
BLACK LAKE PIPELINE COMPANY,01-07-2025
BLUESTEM PIPELINE LLC,01-07-2025
DCP WATTENBERG PIPELINE LLC,01-07-2025
ENTERPRISE LOU-TEX NGL PIPELINE L.P,01-07-2025
GRAND PRIX PIPELINE LLC,01-10-2025
"GRIEVE PIPELINE, LLC",01-07-2025
"GT PIPELINE, LLC",16-12-2025
HAMMOND MAINLINE PIPELINE LLC,01-07-2025
"JAYHAWK PIPELINE, L.L.C",01-07-2025
KEYSTONE PIPELINE COMPANY,01-07-2025
MONARCH PIPELINE LLC,01-07-2025
MUSKEGON PIPELINE LLC,01-07-2025
"PIPELINE, L.L.C",01-03-2022
"ONEOK Bakken Pipeline, L.L.C",01-07-2025
"PIPELINE, L.L.C",01-03-2022
"PIPELINE, L.L.C",01-07-2025
PTE PIPELINE LLC,01-01-2026
"SORRENTO PIPELINE COMPANY, LLC",01-07-2025
"SouthTex 66 Pipeline Company, Ltd",01-07-2025
SP 49 PIPELINE LLC,29-08-2025
TARGA GULF COAST NGL PIPELINE LLC,01-07-2025
"Tariff Submitter: Total Petrochemicals Pipeline USA, Inc",17-06-2011
"VALERO SKELLYTOWN PIPELINE, LLC",01-07-2024
WesTTex 66 Pipeline LLC,01-07-2025
WILLIAMS OHIO VALLEY PIPELINE LLC,01-07-2025
"WILPRISE PIPELINE COMPANY, L.L.C",01-07-2025
